track_id,taala,beat_F-measure,beat_Cemgil,beat_Cemgil Best Metric Level,beat_Goto,beat_P-score,beat_Correct Metric Level Continuous,beat_Correct Metric Level Total,beat_Any Metric Level Continuous,beat_Any Metric Level Total,beat_Information gain,downbeat_F-measure,downbeat_Cemgil,downbeat_Cemgil Best Metric Level,downbeat_Goto,downbeat_P-score,downbeat_Correct Metric Level Continuous,downbeat_Correct Metric Level Total,downbeat_Any Metric Level Continuous,downbeat_Any Metric Level Total,downbeat_Information gain
10001,adi,0.35294117647058826,0.2857758368171467,0.2952357407503622,0.0,0.45701357466063347,0.08144796380090498,0.2171945701357466,0.08144796380090498,0.2171945701357466,0.07495547819031134,0.10526315789473684,0.09053656214636592,0.1383602759351965,0.0,0.390625,0.0,0.0,0.015625,0.03125,0.08952265271419485
10002,adi,0.22288261515601784,0.19322854411596768,0.25939507789659044,0.0,0.3518005540166205,0.027700831024930747,0.07756232686980609,0.027777777777777776,0.08333333333333333,0.030491045223241055,0.11818181818181818,0.10752555915322633,0.1884033478035738,0.0,0.42857142857142855,0.005714285714285714,0.011428571428571429,0.022857142857142857,0.06285714285714286,0.05861031978099429
10003,adi,0.6760299625468165,0.519462069038471,0.5221589948007521,0.0,0.684654300168634,0.07082630691399663,0.47554806070826305,0.07082630691399663,0.47554806070826305,0.3519477129949145,0.18750000000000003,0.14568661697899335,0.22217531676989546,0.0,0.39814814814814814,0.0,0.0,0.0030864197530864196,0.009259259259259259,0.21509853064360188
10004,adi,0.484186313973548,0.42684340061482423,0.5626126891912279,0.0,0.48534201954397393,0.0749185667752443,0.3496199782844734,0.0749185667752443,0.3496199782844734,0.2669694234029832,0.16347826086956524,0.14052415013078998,0.2368221474566677,0.0,0.4258474576271186,0.0,0.0,0.02754237288135593,0.08686440677966102,0.12544276074647168
10005,adi,0.6975964225824483,0.6213792604523278,0.7422737381152362,0.0,0.591743119266055,0.06513761467889909,0.2467889908256881,0.06800286327845383,0.5003579098067287,0.4176928621519761,0.26069246435845217,0.22772211529253208,0.3661908495739443,0.0,0.3870967741935484,0.0,0.0,0.019851116625310174,0.09925558312655088,0.24810279786334663
10006,adi,0.5210312075983717,0.44086304687286626,0.6423355120515761,0.0,0.47380410022779046,0.0774487471526196,0.15034168564920272,0.0774487471526196,0.38487394957983195,0.2947427350808935,0.13636363636363638,0.11313127790061502,0.19068510002659947,0.0,0.4424778761061947,0.0,0.0,0.02654867256637168,0.02654867256637168,0.15085465194658554
10007,adi,0.5637065637065637,0.4307843370483147,0.5412498192607038,0.0,0.5408252853380158,0.015803336259877086,0.16593503072870938,0.05493689680772086,0.370452858203415,0.15966810085819758,0.2528216704288939,0.19113250893971145,0.28848792780542043,0.0,0.39664804469273746,0.002793296089385475,0.002793296089385475,0.0446927374301676,0.16759776536312848,0.15521306284768974
10008,adi,0.781132075471698,0.717627725298874,0.717627725298874,0.0,0.7842778793418648,0.1480804387568556,0.7148080438756855,0.1480804387568556,0.7148080438756855,0.41716294886398364,0.2952029520295203,0.26573520401441925,0.38095588143497416,0.0,0.46859903381642515,0.004830917874396135,0.004830917874396135,0.10628019323671498,0.2898550724637681,0.2536991871422426
10009,adi,0.5955056179775281,0.5320845886836822,0.7430179830952954,0.0,0.5031578947368421,0.029473684210526315,0.035789473684210524,0.12,0.72,0.28687932048791465,0.19512195121951217,0.17183073515456707,0.291014311821809,0.0,0.35185185185185186,0.0,0.0,0.0,0.0,0.1621057006883686
10010,adi,0.6814159292035398,0.5930555151361424,0.5930555151361424,0.0,0.734475374732334,0.14775160599571735,0.5653104925053534,0.14775160599571735,0.5653104925053534,0.24430203894206676,0.22393822393822393,0.191304109241255,0.30195751261554044,0.0,0.3658170914542729,0.0,0.0,0.0014992503748125937,0.0029985007496251873,0.12218463013135133
10011,adi,0.6581740976645436,0.5464805497557546,0.5734580335414445,0.0,0.632393084622384,0.06278434940855324,0.35304822565969063,0.06278434940855324,0.35304822565969063,0.23493381291516308,0.25547445255474455,0.20699568395850224,0.32923774544764783,0.0,0.3830734966592428,0.0,0.0,0.0200445434298441,0.08685968819599109,0.16492300503809007
10012,adi,0.4596375617792422,0.37107239440396744,0.527883654472707,0.0,0.468232044198895,0.026243093922651933,0.11878453038674033,0.04187946884576098,0.4157303370786517,0.1566431423149639,0.13015184381778744,0.10316083137499765,0.14506598427078995,0.0,0.415,0.0,0.0,0.01,0.0175,0.11760713028574088
10013,adi,0.8229166666666666,0.751717531704335,0.751717531704335,1.0,0.8232323232323232,0.3181818181818182,0.7373737373737373,0.3181818181818182,0.7373737373737373,0.5023518726224082,0.33613445378151263,0.3043765624529437,0.4802573617933595,0.0,0.4105263157894737,0.0,0.0,0.08421052631578947,0.24210526315789474,0.3019315880137055
10014,adi,0.9630484988452656,0.8791773986843163,0.8791773986843163,1.0,0.9588100686498856,0.21052631578947367,0.919908466819222,0.21052631578947367,0.919908466819222,0.4541593207541584,0.5,0.4518979522879261,0.7114142784118697,0.0,0.4421768707482993,0.0,0.0,0.1564625850340136,0.4897959183673469,0.4617806418107799
10015,adi,0.6102941176470588,0.5553547419467528,0.8418037645015297,0.0,0.4826325411334552,0.0018281535648994515,0.0018281535648994515,0.17550274223034734,0.8957952468007313,0.3694258154918913,0.30851063829787234,0.2892509218095029,0.45540121015132545,0.0,0.3051948051948052,0.0,0.0,0.0,0.0,0.3479157166288325
10016,adi,0.706209453197405,0.6332404726972529,0.7102689741236765,0.0,0.6247987117552335,0.14653784219001612,0.35909822866344604,0.14653784219001612,0.35909822866344604,0.3762380714768029,0.2345276872964169,0.21473342419221633,0.32722083262341733,0.0,0.43373493975903615,0.0,0.0,0.04417670682730924,0.11244979919678715,0.22402761531183524
10017,adi,0.6332970620239391,0.5630052336845301,0.8478492934010567,0.0,0.4790322580645161,0.0,0.0,0.3967741935483871,0.8935483870967742,0.38028702428955247,0.24193548387096775,0.21410345065665445,0.33128789607139747,0.0,0.3761904761904762,0.0,0.0,0.004761904761904762,0.004761904761904762,0.2126770264966775
10018,adi,0.3,0.24480668436729794,0.2904202301173553,0.0,0.4018475750577367,0.04387990762124711,0.09006928406466513,0.04387990762124711,0.09006928406466513,0.02312637342552307,0.18115942028985507,0.1535401552936248,0.20355328420839544,0.0,0.4841628959276018,0.0,0.0,0.00904977375565611,0.03167420814479638,0.1082015248304566
10019,adi,0.7179279643868879,0.5988930172890665,0.5988930172890665,0.0,0.7633042096902304,0.10405083399523431,0.6163621922160445,0.10405083399523431,0.6163621922160445,0.21896280474841434,0.2995951417004048,0.2510082519819942,0.38303861038396636,0.0,0.45969125214408235,0.0017152658662092624,0.0017152658662092624,0.02058319039451115,0.17667238421955403,0.1898250090768945
10020,adi,0.611439842209073,0.536295209892033,0.7314700607172415,0.0,0.5023255813953489,0.024806201550387597,0.08527131782945736,0.10719131614654002,0.6187245590230664,0.25142542944196,0.23899371069182387,0.21412990741318244,0.33122947335676717,0.0,0.3382352941176471,0.0,0.0,0.0,0.0,0.2276895704562592
10021,adi,0.5852478839177752,0.4977915026434541,0.5554605967350211,0.0,0.521484375,0.0546875,0.1640625,0.09538950715421304,0.34181240063593005,0.1749144969240121,0.2331838565022421,0.18033277347650076,0.27663304260265315,0.0,0.36065573770491804,0.0,0.0,0.03825136612021858,0.06557377049180328,0.13008126961962926
10022,adi,0.636734693877551,0.5515172037661387,0.5707020796522425,0.0,0.6097560975609756,0.07665505226480836,0.289198606271777,0.07901234567901234,0.30864197530864196,0.23406174618539957,0.25806451612903225,0.21860737688680879,0.3460751631337966,0.0,0.3643410852713178,0.0,0.0,0.007751937984496124,0.007751937984496124,0.22537372557385235
10023,adi,0.5753424657534246,0.5251695715992434,0.7766397355089418,0.0,0.4581151832460733,0.006544502617801047,0.02617801047120419,0.21189591078066913,0.734820322180917,0.3177150052588103,0.1739130434782609,0.15531449966918548,0.25495679259232856,0.0,0.3945578231292517,0.0,0.0,0.003401360544217687,0.003401360544217687,0.14742477541801471
10024,adi,0.45413533834586467,0.39417680445274184,0.540558336781107,0.0,0.4652956298200514,0.03598971722365039,0.15424164524421594,0.06896551724137931,0.3030852994555354,0.1238973350196173,0.1218274111675127,0.10117886462164186,0.15792400167103599,0.0,0.3888888888888889,0.0,0.0,0.006172839506172839,0.018518518518518517,0.10892500449839
10025,adi,0.4791288566243194,0.3516351969506279,0.5422576584487588,0.0,0.45226130653266333,0.0,0.0,0.032663316582914576,0.42839195979899497,0.12343266409940698,0.17218543046357615,0.1295170335789236,0.21790588721702733,0.0,0.34600760456273766,0.0,0.0,0.0,0.0,0.11608939601555536
10026,adi,0.5846153846153846,0.4702805895113429,0.4702805895113429,0.0,0.673469387755102,0.17346938775510204,0.44387755102040816,0.17346938775510204,0.44387755102040816,0.1612434083166872,0.2830188679245283,0.23060929531109467,0.27157599337498695,0.0,0.41975308641975306,0.0,0.0,0.16049382716049382,0.2839506172839506,0.18982131152549014
10027,adi,0.7199999999999999,0.6260260678752108,0.7439425170371837,0.0,0.596,0.16,0.2,0.16,0.5919732441471572,0.35893429389862563,0.14285714285714285,0.1383626279256814,0.24181582756741288,0.0,0.4380165289256198,0.0,0.0,0.01652892561983471,0.024793388429752067,0.255977770556673
10028,adi,0.6072319201995013,0.537671342597822,0.7174261568976864,0.0,0.4926062846580407,0.018484288354898338,0.066543438077634,0.12384473197781885,0.5730129390018485,0.27081303318870154,0.1728395061728395,0.14699243774081905,0.2438449041976614,0.0,0.3812375249500998,0.0,0.0,0.001996007984031936,0.005988023952095809,0.09698979774563046
10029,adi,0.5176110260336907,0.45313638984911475,0.7197481262885193,0.0,0.44004796163069543,0.027577937649880094,0.04436450839328537,0.051961823966065745,0.5471898197242842,0.22136521536537687,0.13390928725701945,0.11589474273068628,0.20057145062759985,0.0,0.41336633663366334,0.0,0.0,0.0049504950495049506,0.009900990099009901,0.11912824568819
10030,adi,0.4933774834437086,0.41414621478950564,0.4440993322435961,0.0,0.5327102803738317,0.11526479750778816,0.29906542056074764,0.11526479750778816,0.29906542056074764,0.20300665312836047,0.2155688622754491,0.18280771595000983,0.2787182896072326,0.0,0.4580152671755725,0.0,0.0,0.06870229007633588,0.17557251908396945,0.15964122187405114
10031,adi,0.6384872080088988,0.582600878614792,0.7353077269083175,0.0,0.5161290322580645,0.03574542284219703,0.14995640802092414,0.11145272867025365,0.5503458877786318,0.3915405852556499,0.23106060606060608,0.20997462638012698,0.3174829896156328,0.0,0.40358744394618834,0.0,0.0,0.020179372197309416,0.053811659192825115,0.1557065446140024
10032,adi,0.2993197278911565,0.24907730158923447,0.40453421451632204,0.0,0.37777777777777777,0.024444444444444446,0.09555555555555556,0.03111111111111111,0.2644444444444444,0.06150426483426515,0.05633802816901409,0.05009817550424549,0.09755756391852158,0.0,0.4043478260869565,0.004347826086956522,0.004347826086956522,0.004347826086956522,0.017391304347826087,0.09012951672933865
10033,adi,0.6568730325288563,0.5836403794327005,0.7385418171593793,0.0,0.526829268292683,0.07154471544715447,0.15772357723577235,0.1688888888888889,0.5451851851851852,0.28850414540721314,0.21604938271604937,0.19058337968786024,0.31129354619556393,0.0,0.3807829181494662,0.0,0.0,0.021352313167259787,0.05338078291814947,0.16934274511151612
10034,adi,0.6838340486409157,0.5987225256428876,0.7186749073466424,0.0,0.5748847926267281,0.04953917050691244,0.19815668202764977,0.08026440037771483,0.5259678942398489,0.3225673672261675,0.2885572139303482,0.2519656680233905,0.3779829383617948,0.0,0.35522388059701493,0.0,0.0,0.014925373134328358,0.04477611940298507,0.23134355126098047
10035,adi,0.5477031802120141,0.47225823606212985,0.6219093437022367,0.0,0.4971014492753623,0.03333333333333333,0.12608695652173912,0.12117780294450736,0.43035107587768967,0.1938277381957883,0.21406727828746178,0.18388130326690053,0.30636438713996683,0.0,0.4280442804428044,0.0,0.0,0.01107011070110701,0.05166051660516605,0.15013097427332758
10036,adi,0.7336417713152678,0.6475537652001156,0.6874470581933918,0.0,0.6407982261640798,0.04988913525498891,0.3237250554323725,0.050778050778050775,0.4004914004914005,0.3669426246972077,0.26605504587155965,0.2297243110803499,0.3477363582228818,0.0,0.4011142061281337,0.002785515320334262,0.002785515320334262,0.03064066852367688,0.10306406685236769,0.20123940211494043
10037,adi,0.7104072398190044,0.612597531072891,0.661141101667145,0.0,0.623574144486692,0.045627376425855515,0.28517110266159695,0.11764705882352941,0.40336134453781514,0.3412598802486285,0.32758620689655177,0.2674616792797711,0.38834580785053746,0.0,0.3333333333333333,0.0,0.0,0.010752688172043012,0.021505376344086023,0.3940182071013313
10038,adi,0.4519230769230769,0.3818989931568375,0.5716299170209262,0.0,0.448943661971831,0.06514084507042253,0.27992957746478875,0.06514084507042253,0.3626760563380282,0.23519734259040623,0.12048192771084337,0.09656426807935277,0.14885298356426307,0.0,0.45263157894736844,0.0,0.0,0.031578947368421054,0.05789473684210526,0.253617662433146
10039,adi,0.7106518282988872,0.5939593424026043,0.6771962122512909,0.0,0.6310935441370223,0.04084321475625823,0.2951251646903821,0.10832497492477432,0.43430290872617855,0.3389953990212289,0.2944444444444444,0.23586316030118468,0.37118968246866124,0.0,0.3501683501683502,0.0,0.0,0.016835016835016835,0.05723905723905724,0.2744524209247193
10040,adi,0.6850533807829182,0.5368050634988839,0.6133042206301171,0.0,0.6232091690544412,0.050143266475644696,0.24355300859598855,0.050143266475644696,0.47473560517038776,0.33093747717656813,0.29343629343629346,0.2122035467681551,0.3130653044854056,0.0,0.4097560975609756,0.004878048780487805,0.004878048780487805,0.03414634146341464,0.14634146341463414,0.287600818268779
10041,adi,0.4952290076335878,0.38367394471820626,0.5370857739001601,0.0,0.4659248956884562,0.009735744089012517,0.06258692628650904,0.04659248956884562,0.4193324061196106,0.11529676688309572,0.18867924528301888,0.14244061632011026,0.23474345108038241,0.0,0.407158836689038,0.0,0.0,0.011185682326621925,0.035794183445190156,0.10541116360938223
10042,adi,0.5923076923076923,0.5093868084362174,0.6969312068312843,0.0,0.5,0.011976047904191617,0.0718562874251497,0.16981132075471697,0.6657681940700808,0.28970990929911655,0.21739130434782605,0.20534406098041538,0.3040292700931829,0.0,0.3565217391304348,0.0,0.0,0.008695652173913044,0.008695652173913044,0.1978655050307192
10043,adi,0.7521739130434781,0.7116020771356127,0.7116020771356127,1.0,0.7004048582995951,0.242914979757085,0.562753036437247,0.242914979757085,0.562753036437247,0.424694463713271,0.1904761904761905,0.17786618705306964,0.2962670071929403,0.0,0.4214876033057851,0.0,0.0,0.049586776859504134,0.05785123966942149,0.21461321227611688
10044,adi,0.5160729800173762,0.4620718277068117,0.6439102131158526,0.0,0.4531351001939237,0.003878474466709761,0.0394311570782159,0.060116354234001294,0.486748545572075,0.21018273047781952,0.1072961373390558,0.09849550956198255,0.17945074867709734,0.0,0.3835125448028674,0.0,0.0,0.0011947431302270011,0.0023894862604540022,0.057484130388451946
10045,adi,0.7410972088546679,0.6674560157175098,0.7566637181544821,0.0,0.6226114649681529,0.11146496815286625,0.2754777070063694,0.18635809987819732,0.4920828258221681,0.44343532445480693,0.17877094972067042,0.16448098215744222,0.2639348225136122,0.0,0.4019607843137255,0.0,0.0,0.0,0.0,0.22699411830841523
10046,adi,0.5147794452023647,0.4526833889209246,0.5813169172956255,0.0,0.47445766270118966,0.06438068579426172,0.10776766969909027,0.09096816114359974,0.38141650422352175,0.19307450812841692,0.17948717948717952,0.15514880999236072,0.2544093284804,0.0,0.40165289256198344,0.0,0.0,0.03966942148760331,0.06115702479338843,0.09129753652125328
10047,adi,0.645367412140575,0.5463868009678289,0.5463868009678289,0.0,0.7232704402515723,0.2138364779874214,0.5220125786163522,0.2138364779874214,0.5220125786163522,0.1886716851071691,0.39473684210526316,0.30014799755437765,0.38379449626995643,0.0,0.43859649122807015,0.017543859649122806,0.017543859649122806,0.19298245614035087,0.3157894736842105,0.26894603578716014
10048,adi,0.5285605483625285,0.4522993783234396,0.5722860926180405,0.0,0.5082174462705437,0.02781289506953224,0.14538558786346398,0.05752636625119847,0.3585810162991371,0.16354263545368533,0.15625,0.13420169092834996,0.19767379179281752,0.0,0.4424083769633508,0.002617801047120419,0.002617801047120419,0.005235602094240838,0.031413612565445025,0.0823080055211757
10049,adi,0.8100172711571675,0.7170344722911778,0.7170344722911778,1.0,0.7609046849757674,0.40064620355411956,0.6284329563812601,0.40064620355411956,0.6284329563812601,0.48397350899580077,0.23173803526448364,0.2048353339623316,0.32480349897718647,0.0,0.3404255319148936,0.0,0.0,0.00303951367781155,0.0121580547112462,0.2801652256394259
10050,adi,0.978468899521531,0.8782125997853244,0.8782125997853244,1.0,0.9716312056737588,0.34515366430260047,0.9385342789598109,0.34515366430260047,0.9385342789598109,0.38971288044472113,0.40641711229946526,0.3759460796746306,0.5862603647686103,0.0,0.3333333333333333,0.0,0.0,0.14814814814814814,0.362962962962963,0.43697843283600624
11001,rupakam,0.6516290726817042,0.5665138837604118,0.7796009746984841,0.0,0.5295275590551181,0.027559055118110236,0.125,0.17083692838654013,0.6436583261432269,0.4184752734051623,0.3288888888888889,0.2836453010640974,0.4148459860623266,0.0,0.5135135135135135,0.008316008316008316,0.014553014553014554,0.05405405405405406,0.12474012474012475,0.34612225893160353
11002,rupakam,0.5485714285714285,0.45218187773824925,0.6767556211284079,0.0,0.45962732919254656,0.002070393374741201,0.006211180124223602,0.16977225672877846,0.6542443064182195,0.23142757907011896,0.30645161290322576,0.25398880029182924,0.3030109619387362,0.0,0.46285714285714286,0.005714285714285714,0.017142857142857144,0.03428571428571429,0.11428571428571428,0.2174311391580087
11003,rupakam,0.8418756815703381,0.6823349713886522,0.6823349713886522,0.0,0.7927565392354124,0.16498993963782696,0.6277665995975855,0.16498993963782696,0.6277665995975855,0.4140757670529253,0.5046296296296297,0.4181883478046481,0.4181883478046481,0.0,0.5,0.030821917808219176,0.08561643835616438,0.030821917808219176,0.08561643835616438,0.3828495502386598
11004,rupakam,0.7122969837587007,0.6210409589874814,0.6210409589874814,0.0,0.6880530973451328,0.12831858407079647,0.4579646017699115,0.12831858407079647,0.4579646017699115,0.268472130453976,0.6875000000000001,0.6008780094193583,0.6008780094193583,0.0,0.6075471698113207,0.045283018867924525,0.2490566037735849,0.045283018867924525,0.2490566037735849,0.4242810577433388
11005,rupakam,0.752342704149933,0.6400120981807031,0.6400120981807031,0.0,0.6828402366863905,0.1076923076923077,0.4059171597633136,0.1076923076923077,0.4059171597633136,0.37259802193726627,0.5843373493975903,0.49803899077438685,0.49803899077438685,0.0,0.5503355704697986,0.04697986577181208,0.18344519015659955,0.04697986577181208,0.18344519015659955,0.38787524738324136
11006,rupakam,0.6929621036349576,0.5454991726591726,0.6223064123993685,0.0,0.6146095717884131,0.055415617128463476,0.23929471032745592,0.08425275827482448,0.45035105315947843,0.2948749777846091,0.3969465648854962,0.2974629481862075,0.2974629481862075,0.0,0.42857142857142855,0.008403361344537815,0.0196078431372549,0.008403361344537815,0.03081232492997199,0.3348117259650873
11007,rupakam,0.8119047619047619,0.6947489246693181,0.6947489246693181,0.0,0.7467532467532467,0.11904761904761904,0.5562770562770563,0.11904761904761904,0.5562770562770563,0.4272137140489684,0.531578947368421,0.4484812354802,0.4484812354802,0.0,0.5511811023622047,0.04330708661417323,0.1141732283464567,0.04330708661417323,0.1141732283464567,0.40599482462881287
11008,rupakam,0.6397379912663755,0.568533509054495,0.8547968547820184,0.0,0.49673202614379086,0.0,0.0,0.3611111111111111,0.946078431372549,0.43531654274442366,0.5,0.43583104653525223,0.6321303916528451,0.0,0.4463087248322148,0.003355704697986577,0.003355704697986577,0.1476510067114094,0.3825503355704698,0.42424858771657376
11009,rupakam,0.7081807081807082,0.6054104603256724,0.6856470098114944,0.0,0.6136363636363636,0.06818181818181818,0.2727272727272727,0.11808669656203288,0.4484304932735426,0.3918646097215409,0.4960000000000001,0.42968616018437866,0.4467129423434121,0.0,0.5019011406844106,0.015209125475285171,0.060836501901140684,0.034220532319391636,0.12547528517110265,0.38105805758537503
11010,rupakam,0.5901287553648069,0.5410561410767875,0.8170569446335092,0.0,0.45063694267515925,0.0015923566878980893,0.006369426751592357,0.16560509554140126,0.8136942675159236,0.33623906981536655,0.33232628398791536,0.30015899284402087,0.30015899284402087,0.0,0.44541484716157204,0.004366812227074236,0.013100436681222707,0.004366812227074236,0.026200873362445413,0.2961977433098456
11011,rupakam,0.6044071353620147,0.5479678032045832,0.795980425532366,0.0,0.4573643410852713,0.021705426356589147,0.03875968992248062,0.11317829457364341,0.7255813953488373,0.35160472401503745,0.32738095238095233,0.29352908546614237,0.347767955175405,0.0,0.41630901287553645,0.008583690987124463,0.008583690987124463,0.012875536480686695,0.09871244635193133,0.30396082386559603
11012,rupakam,0.663883089770355,0.6012628283535261,0.8562884300280655,0.0,0.5232,0.016,0.056,0.20300751879699247,0.8045112781954887,0.32129681730459425,0.44999999999999996,0.4182107317677477,0.620436594444067,0.0,0.5363321799307958,0.006920415224913495,0.031141868512110725,0.04844290657439446,0.29411764705882354,0.3749070445187287
11013,rupakam,0.7382413087934561,0.6694021653304133,0.6694021653304133,0.0,0.6954887218045113,0.07330827067669173,0.5206766917293233,0.07330827067669173,0.5206766917293233,0.36069883733491337,0.4511278195488722,0.3919500872786269,0.3919500872786269,0.0,0.5298804780876494,0.05179282868525897,0.14342629482071714,0.05179282868525897,0.14342629482071714,0.2978665788848087
11014,rupakam,0.6706827309236948,0.5836341426218313,0.6112873979237022,0.0,0.6227106227106227,0.0989010989010989,0.3956043956043956,0.0989010989010989,0.3956043956043956,0.2768430530908378,0.36111111111111105,0.32147865377943113,0.32147865377943113,0.0,0.4397163120567376,0.014184397163120567,0.05673758865248227,0.014184397163120567,0.05673758865248227,0.22602830602320828
11015,rupakam,0.6777546777546777,0.5898622819185431,0.6461249932203397,0.0,0.6071842410196987,0.056778679026651215,0.2862108922363847,0.056778679026651215,0.3787748058671268,0.2811317320401418,0.42394822006472493,0.3629903179202231,0.3629903179202231,0.0,0.5094339622641509,0.02122641509433962,0.07547169811320754,0.02122641509433962,0.07547169811320754,0.28180859019693777
11016,rupakam,0.6292466765140324,0.560499043864255,0.6851245953110986,0.0,0.566579634464752,0.12532637075718014,0.33159268929503916,0.12532637075718014,0.33159268929503916,0.37460633253943487,0.3154121863799283,0.28576399471986347,0.3523458269974469,0.0,0.5469613259668509,0.022099447513812154,0.049723756906077346,0.041025641025641026,0.08717948717948718,0.30953614109372135
11017,rupakam,0.5933384972889234,0.5415898598849854,0.7350601440504684,0.0,0.52,0.04516129032258064,0.15870967741935485,0.0950533462657614,0.457807953443259,0.23100898501582212,0.3353057199211045,0.305853979168309,0.36156423543679167,0.0,0.5104477611940299,0.011940298507462687,0.0626865671641791,0.029154518950437316,0.09620991253644315,0.1950422171208028
11018,rupakam,0.5843828715365239,0.5031034376101835,0.7637136980689824,0.0,0.4581818181818182,0.005454545454545455,0.007272727272727273,0.25636363636363635,0.7181818181818181,0.31634703641133616,0.4000000000000001,0.34092535536273094,0.41504829052221565,0.0,0.4260089686098655,0.004484304932735426,0.008968609865470852,0.04035874439461883,0.13452914798206278,0.3211217890045335
11019,rupakam,0.6666666666666666,0.5998419298851988,0.897020123967305,0.0,0.5,0.0,0.0,0.8738938053097345,0.995575221238938,0.49696398390538216,0.4830188679245283,0.4196445497262449,0.5695727426836518,0.0,0.5396825396825397,0.005291005291005291,0.010582010582010581,0.0582010582010582,0.328042328042328,0.43616199411821954
11020,rupakam,0.6894586894586895,0.6158500839466825,0.6158500839466825,0.0,0.6845039018952063,0.08361204013377926,0.5340022296544036,0.08361204013377926,0.5340022296544036,0.30249999562099866,0.4738853503184713,0.4128563690040386,0.4128563690040386,0.0,0.5511022044088176,0.012024048096192385,0.12024048096192384,0.017513134851138354,0.12024048096192384,0.338263674542506
11021,rupakam,0.6500150466445982,0.5544694923990867,0.6606387989479297,0.0,0.5786290322580645,0.03125,0.23487903225806453,0.03698169592827792,0.43220022413149045,0.2762506475544592,0.33037542662116043,0.2860773465042968,0.3207928728041129,0.0,0.48086359175662413,0.004906771344455349,0.018645731108930325,0.009813542688910697,0.040235525024533855,0.22206191908339484
11022,rupakam,0.5953002610966058,0.5437812669107924,0.7567383696980611,0.0,0.4852607709750567,0.02857142857142857,0.07755102040816327,0.13129279097865484,0.6234393878372936,0.29251415680244885,0.30678851174934724,0.2777382301737839,0.3603118786954958,0.0,0.4740608228980322,0.0017889087656529517,0.013416815742397137,0.004472271914132379,0.07155635062611806,0.23913881319087232
11023,rupakam,0.6138279932546373,0.5324647795530395,0.7470768057614505,0.0,0.49550706033376124,0.03209242618741977,0.05648267008985879,0.1943419434194342,0.7293972939729397,0.3310598179426652,0.31779661016949157,0.2714908676697715,0.3412228696605625,0.0,0.47023809523809523,0.023809523809523808,0.026785714285714284,0.023809523809523808,0.05654761904761905,0.2961208874032037
11024,rupakam,0.5089564970145011,0.40269133760411435,0.5871970036842069,0.0,0.4642706131078224,0.005919661733615222,0.04947145877378435,0.03763213530655391,0.5712473572938689,0.22040195592916256,0.22696115765422697,0.18434999839295113,0.27644991357396015,0.0,0.4628632938643703,0.001076426264800861,0.004305705059203444,0.022604951560818085,0.08719052744886975,0.16963896743333734
11025,rupakam,0.4775583482944345,0.37027282724321137,0.5649715203436413,0.0,0.4542483660130719,0.016339869281045753,0.07516339869281045,0.05788423153692615,0.3413173652694611,0.20210062607689472,0.5,0.39023195045206166,0.5801729986892509,0.0,0.54375,0.0125,0.0875,0.1377245508982036,0.5389221556886228,0.43087139652838463
11026,rupakam,0.436697247706422,0.3650680508857575,0.632204195079042,0.0,0.4045307443365696,0.025889967637540454,0.10355987055016182,0.14437367303609341,0.32696390658174096,0.26394790171911287,0.2764227642276423,0.2245609852970075,0.43612259627005556,0.0,0.49700598802395207,0.023952095808383235,0.05389221556886228,0.059880239520958084,0.1437125748502994,0.249223005877477
11027,rupakam,0.5908798972382787,0.4923054554393731,0.7270745174571063,0.0,0.49483568075117373,0.008450704225352112,0.024413145539906103,0.09483568075117371,0.7061032863849765,0.28288957836882583,0.32514177693761814,0.26142396398084866,0.318840460035675,0.0,0.4958904109589041,0.01643835616438356,0.049315068493150684,0.01643835616438356,0.06027397260273973,0.2509482046556337
11028,rupakam,0.6009122006841505,0.5213801239167795,0.6886071306818055,0.0,0.48636763412489004,0.028144239226033423,0.09762532981530343,0.06569343065693431,0.6188158961881589,0.32390656439232096,0.45398773006134974,0.38838993999707855,0.38838993999707855,0.0,0.4451901565995526,0.013422818791946308,0.06711409395973154,0.04697986577181208,0.09172259507829977,0.3318667190500301
11029,rupakam,0.6617781851512374,0.5884530775361797,0.7543476566496142,0.0,0.5238784370477568,0.07525325615050651,0.1649782923299566,0.17271589486858574,0.5682102628285357,0.3616660067000039,0.2505494505494505,0.22052783413557017,0.3081373503828965,0.0,0.4797507788161994,0.003115264797507788,0.009345794392523364,0.003115264797507788,0.03426791277258567,0.2578355023073919
11030,rupakam,0.5324590163934426,0.44728222401448753,0.62706959898602,0.0,0.47419354838709676,0.035483870967741936,0.12043010752688173,0.0496215306980656,0.4213624894869638,0.2094610094100877,0.2957983193277311,0.2519828163743282,0.3342623044802674,0.0,0.4898989898989899,0.005050505050505051,0.025252525252525252,0.0327455919395466,0.13602015113350127,0.157000021025083
11031,rupakam,0.6251441753171857,0.5228067482426725,0.7722286934455743,0.0,0.4946902654867257,0.019469026548672566,0.050442477876106194,0.2916321458160729,0.7729908864954432,0.33564893146535346,0.3252688172043011,0.27330237923887446,0.3537897014418603,0.0,0.4843462246777164,0.0,0.0,0.011049723756906077,0.0570902394106814,0.31385441191513236
11032,rupakam,0.6118251928020565,0.5136193753681187,0.6726891922224179,0.0,0.534020618556701,0.032989690721649485,0.11134020618556702,0.08205128205128205,0.6017094017094017,0.30436622484051,0.3946666666666667,0.32522881055066805,0.42126345535501225,0.0,0.48736462093862815,0.01444043321299639,0.032490974729241874,0.06498194945848375,0.1552346570397112,0.3123267616882154
11033,rupakam,0.71280276816609,0.6328219705690132,0.742675744582648,0.0,0.6015473887814313,0.08704061895551257,0.25918762088974856,0.11874105865522175,0.47782546494992845,0.40209116962537217,0.5064102564102564,0.4450135093633222,0.4450135093633222,0.0,0.6071428571428571,0.0663265306122449,0.1683673469387755,0.0663265306122449,0.1683673469387755,0.4057412147367401
11034,rupakam,0.7061068702290076,0.6221908718703043,0.6229362710448655,0.0,0.6785714285714286,0.14285714285714285,0.46785714285714286,0.14285714285714285,0.46785714285714286,0.3586481288499812,0.47000000000000003,0.4130133201243057,0.4130133201243057,0.0,0.5677966101694916,0.07627118644067797,0.211864406779661,0.07627118644067797,0.211864406779661,0.3634414663232329
11035,rupakam,0.5945945945945945,0.49190281448453094,0.6589695495664709,0.0,0.5009861932938856,0.055226824457593686,0.07692307692307693,0.15955473098330242,0.6456400742115028,0.23000057891383144,0.24225352112676057,0.20530382372849562,0.36522626059359375,0.0,0.44528301886792454,0.0037735849056603774,0.0037735849056603774,0.01509433962264151,0.05660377358490566,0.2172675580676416
11036,rupakam,0.7046450482033304,0.6492031899386213,0.6492031899386213,0.0,0.673469387755102,0.061224489795918366,0.44427001569858715,0.061224489795918366,0.44427001569858715,0.3566497168167396,0.36298932384341637,0.33366120668618243,0.33366120668618243,0.0,0.4543147208121827,0.005076142131979695,0.02284263959390863,0.005076142131979695,0.02284263959390863,0.2847033263722198
11037,rupakam,0.6445086705202312,0.5855433177097809,0.8698436130101529,0.0,0.49783549783549785,0.004329004329004329,0.010822510822510822,0.19696969696969696,0.9242424242424242,0.4465377958347856,0.34090909090909094,0.3044425785120345,0.40532358092876697,0.0,0.48663101604278075,0.0053475935828877,0.0053475935828877,0.03208556149732621,0.11229946524064172,0.38767008590723395
11038,rupakam,0.6152610441767068,0.5453553400875404,0.7464456125835681,0.0,0.49133663366336633,0.022277227722772276,0.0853960396039604,0.0836197021764032,0.6815578465063001,0.34573546914612513,0.28685258964143423,0.24860947190732602,0.3416635561972416,0.0,0.5,0.0028089887640449437,0.008426966292134831,0.011235955056179775,0.06460674157303371,0.2586247576183947
11039,rupakam,0.6653543307086613,0.5893293242841873,0.8209807885349188,0.0,0.5187406296851574,0.022488755622188907,0.06146926536731634,0.133428981348637,0.8005738880918221,0.40419967703690823,0.25773195876288657,0.23301038767202073,0.3290226941850371,0.0,0.5239852398523985,0.0036900369003690036,0.007380073800738007,0.01107011070110701,0.05166051660516605,0.3556976342783417
11040,rupakam,0.6271970397779832,0.5149454580930677,0.7035045385133994,0.0,0.5310650887573964,0.03698224852071006,0.15088757396449703,0.10877626699629171,0.5290482076637825,0.28127680331352134,0.2107843137254902,0.17647860723044853,0.2892160391380215,0.0,0.575091575091575,0.02564102564102564,0.040293040293040296,0.02564102564102564,0.040293040293040296,0.17224573771708315
11041,rupakam,0.5786061588330632,0.44528004347833405,0.6744748738582418,0.0,0.4871495327102804,0.0011682242990654205,0.002336448598130841,0.10046728971962617,0.7091121495327103,0.283269268589794,0.32951945080091527,0.2391755578022712,0.26168344034343616,0.0,0.45016077170418006,0.006430868167202572,0.00964630225080386,0.006430868167202572,0.03536977491961415,0.28646289425490634
11042,rupakam,0.6349453978159126,0.5313352751421355,0.8066781052659673,0.0,0.4769585253456221,0.0,0.0,0.2764976958525346,0.8894009216589862,0.3972547213519081,0.32499999999999996,0.26121083138284684,0.3331521632360823,0.0,0.5,0.005847953216374269,0.008771929824561403,0.02046783625730994,0.0847953216374269,0.30272232223760187
11043,rupakam,0.6226415094339622,0.45289253184363426,0.5381671581219084,0.0,0.5741935483870968,0.1064516129032258,0.3064516129032258,0.1064516129032258,0.3097949886104784,0.33269580978098423,0.30985915492957744,0.21362510292641496,0.24839923359214153,0.0,0.460431654676259,0.014388489208633094,0.02877697841726619,0.02040816326530612,0.07482993197278912,0.282602647419796
11044,rupakam,0.6608442503639012,0.5733606062670844,0.7654042834889928,0.0,0.5177777777777778,0.04666666666666667,0.10666666666666667,0.20084566596194503,0.6997885835095138,0.3776245282577014,0.3405797101449275,0.29208439757100585,0.3221997642108062,0.0,0.40609137055837563,0.0,0.0,0.015228426395939087,0.04060913705583756,0.35151178760106544
11045,rupakam,0.4794007490636704,0.4043020751206222,0.6729394862555877,0.0,0.4231974921630094,0.05642633228840126,0.09404388714733543,0.05642633228840126,0.40326340326340326,0.2314725648830308,0.22448979591836735,0.18413453582321257,0.27417676250761375,0.0,0.5483870967741935,0.016129032258064516,0.04032258064516129,0.016129032258064516,0.04032258064516129,0.2041474550890493
11046,rupakam,0.7519858781994704,0.6702644049154054,0.6702644049154054,0.0,0.6828885400313972,0.12401883830455258,0.4364207221350079,0.12401883830455258,0.4364207221350079,0.3887752179084306,0.47619047619047616,0.4203225889031085,0.4399892750036954,0.0,0.44139650872817954,0.0199501246882793,0.034912718204488775,0.0199501246882793,0.08728179551122195,0.35098964907697217
11047,rupakam,0.5883333333333334,0.4556534544712876,0.5490769872439129,0.0,0.5518672199170125,0.04702627939142462,0.26141078838174275,0.04702627939142462,0.2654774396642183,0.2417903874332976,0.44782608695652176,0.3477951858091661,0.3562068108268119,0.0,0.5182724252491694,0.013289036544850499,0.09302325581395349,0.01892744479495268,0.0946372239747634,0.2876110779286848
11048,rupakam,0.7163667523564695,0.6004760329400527,0.6467361821469051,0.0,0.6201438848920864,0.07482014388489208,0.2820143884892086,0.07482014388489208,0.4061505832449629,0.2917468934565964,0.4823529411764706,0.41470619905888606,0.41470619905888606,0.0,0.46458923512747874,0.0169971671388102,0.06515580736543909,0.0169971671388102,0.06515580736543909,0.33405466252000876
11049,rupakam,0.7242406194163192,0.5590129343374238,0.6103272068973088,0.0,0.6281156530408774,0.07876370887337986,0.3070787637088734,0.07876370887337986,0.40414507772020725,0.3287949971992139,0.5903614457831325,0.4741888743150718,0.4789942607784317,0.0,0.6059225512528473,0.03416856492027335,0.21184510250569477,0.03416856492027335,0.21184510250569477,0.37727149488116307
11050,rupakam,0.7999999999999999,0.5564063967752643,0.5564063967752643,0.0,0.773109243697479,0.06722689075630252,0.4957983193277311,0.1457725947521866,0.4957983193277311,0.3835560705530732,0.6785714285714285,0.4661068561081409,0.4661068561081409,0.0,0.5818181818181818,0.07272727272727272,0.16363636363636364,0.10434782608695652,0.24347826086956523,0.46498814088636653
12001,mishraChapu,0.6700083542188805,0.3690738304666528,0.3690738304666528,0.0,0.8146911519198664,0.03171953255425709,0.5859766277128547,0.03171953255425709,0.5859766277128547,0.34114452239863363,0.09905660377358491,0.05282822928334891,0.05282822928334891,0.0,0.4171597633136095,0.0,0.0,0.005917159763313609,0.07396449704142012,0.16574871821401038
12002,mishraChapu,0.8910442935661171,0.7723083215518539,0.7723083215518539,0.0,0.8415300546448088,0.11839708561020036,0.6982392228293868,0.11839708561020036,0.6982392228293868,0.3098377695380158,0.2623612512613522,0.2277126599047162,0.2277126599047162,0.0,0.4556291390728477,0.0026490066225165563,0.013245033112582781,0.005298013245033113,0.11655629139072848,0.2559277645866259
12003,mishraChapu,0.9062730627306274,0.7112078272671861,0.7112078272671861,0.0,0.9028776978417267,0.11294964028776978,0.7920863309352518,0.11294964028776978,0.7920863309352518,0.3535208971362147,0.2431289640591966,0.19009756860119753,0.19009756860119753,0.0,0.4444444444444444,0.0013386880856760374,0.0013386880856760374,0.00535475234270415,0.10174029451137885,0.26503660287365716
12004,mishraChapu,0.9386861313868613,0.7301508278378315,0.7301508278378315,0.0,0.9737991266375546,0.19359534206695778,0.9359534206695779,0.19359534206695778,0.9359534206695779,0.4255161560344899,0.2423076923076923,0.18409832096237594,0.18409832096237594,0.0,0.43364928909952605,0.0,0.0,0.0071090047393364926,0.04739336492890995,0.3050832915099601
12005,mishraChapu,0.7864864864864863,0.6922878461658888,0.6922878461658888,0.0,0.6473282442748092,0.08549618320610687,0.39923664122137403,0.08549618320610687,0.39923664122137403,0.16001955108168636,0.22972972972972971,0.20428903505207305,0.20428903505207305,0.0,0.4148148148148148,0.0049382716049382715,0.056790123456790124,0.007407407407407408,0.0962962962962963,0.09656953005459301
12006,mishraChapu,0.8584219362059317,0.6165914424419999,0.6165914424419999,0.0,0.9220231822971549,0.07060063224446786,0.7576396206533192,0.07060063224446786,0.7576396206533192,0.25463026765141533,0.26714801444043323,0.18564741265529097,0.18564741265529097,0.0,0.4447004608294931,0.0,0.0,0.0069124423963133645,0.12442396313364056,0.2168767022361125
12007,mishraChapu,0.8790252393385553,0.6519412488314721,0.6519412488314721,1.0,0.9478260869565217,0.21739130434782608,0.8330434782608696,0.21739130434782608,0.8330434782608696,0.2858828234658469,0.21409921671018275,0.16138805862178662,0.16138805862178662,0.0,0.43333333333333335,0.0,0.0,0.01,0.1,0.22893833027156973
12008,mishraChapu,0.9288135593220339,0.7933608395570676,0.7933608395570676,0.0,0.9238493723849373,0.1322175732217573,0.8393305439330544,0.1322175732217573,0.8393305439330544,0.4185016940774219,0.22580645161290325,0.19685625462602238,0.19685625462602238,0.0,0.4251968503937008,0.0015748031496062992,0.004724409448818898,0.004724409448818898,0.08661417322834646,0.2729783716390422
12009,mishraChapu,0.8580152671755725,0.7396433948637949,0.7396433948637949,0.0,0.8049476688867745,0.09039010466222645,0.6146527117031398,0.09039010466222645,0.6146527117031398,0.29834033679765176,0.2188679245283019,0.18685838575752625,0.18685838575752625,0.0,0.44591029023746703,0.005277044854881266,0.04221635883905013,0.0079155672823219,0.1266490765171504,0.18504200663098228
12010,mishraChapu,0.8740043446777697,0.7090912693506771,0.7090912693506771,0.0,0.8613589567604667,0.05422100205902539,0.6815374056280027,0.05422100205902539,0.6815374056280027,0.2264411731064497,0.22522522522522523,0.17381155638463955,0.17381155638463955,0.0,0.4256259204712813,0.0014727540500736377,0.0029455081001472753,0.005891016200294551,0.12076583210603829,0.16177878544606591
12011,mishraChapu,0.8756556618327677,0.7579707023631687,0.7579707023631687,0.0,0.8374413145539906,0.22183098591549297,0.7453051643192489,0.22183098591549297,0.7453051643192489,0.28868471511709176,0.2342629482071713,0.1976328744653267,0.1976328744653267,0.0,0.4352126607319486,0.0009891196834817012,0.0009891196834817012,0.002967359050445104,0.05637982195845697,0.23657667753801404
12012,mishraChapu,0.9572107765451665,0.8670970832838064,0.8670970832838064,1.0,0.950836820083682,0.3200836820083682,0.9037656903765691,0.3200836820083682,0.9037656903765691,0.44140463273728425,0.2504118616144975,0.22515723885688785,0.22515723885688785,0.0,0.43829787234042555,0.002127659574468085,0.002127659574468085,0.00851063829787234,0.10425531914893617,0.29789389931871657
12013,mishraChapu,0.7608426270136307,0.6983305620705655,0.6983305620705655,0.0,0.643205574912892,0.03554006968641115,0.3735191637630662,0.03554006968641115,0.3735191637630662,0.2743802655888177,0.22471910112359553,0.2065630633019355,0.2065630633019355,0.0,0.43456375838926176,0.0016778523489932886,0.020134228187919462,0.010067114093959731,0.12751677852348994,0.1966852447276474
12014,mishraChapu,0.9374026782933665,0.8456499684877236,0.8456499684877236,0.0,0.8891523414344991,0.09187907528156491,0.7818612922347362,0.09187907528156491,0.7818612922347362,0.3366395043058976,0.20286885245901642,0.17835748261286696,0.17835748261286696,0.0,0.4108843537414966,0.004081632653061225,0.0163265306122449,0.004081632653061225,0.10748299319727891,0.18763617098582835
12015,mishraChapu,0.7401574803149605,0.6582082538569136,0.6582082538569136,0.0,0.6178010471204188,0.049738219895287955,0.3324607329842932,0.08300395256916997,0.3324607329842932,0.25003557921990693,0.22127659574468084,0.1861908441145386,0.1861908441145386,0.0,0.4305555555555556,0.002777777777777778,0.011111111111111112,0.008333333333333333,0.10555555555555556,0.23984792164631705
12016,mishraChapu,0.74859287054409,0.6698972595081243,0.6698972595081243,0.0,0.6339144215530903,0.08240887480190175,0.36450079239302696,0.11724137931034483,0.36450079239302696,0.24765635319024565,0.20809248554913296,0.18854406333283147,0.18854406333283147,0.0,0.4140625,0.00390625,0.0078125,0.01171875,0.1171875,0.2361325751181708
12017,mishraChapu,0.8395522388059701,0.731846085040837,0.731846085040837,0.0,0.8371681415929203,0.11150442477876106,0.7380530973451327,0.11150442477876106,0.7380530973451327,0.26513320784638567,0.22281167108753314,0.19400261455493809,0.19400261455493809,0.0,0.4189189189189189,0.0033783783783783786,0.006756756756756757,0.006756756756756757,0.057432432432432436,0.24889895933279158
12018,mishraChapu,0.8748068006182379,0.6645718811695464,0.6645718811695464,0.0,0.9099099099099099,0.05630630630630631,0.7402402402402403,0.05630630630630631,0.7402402402402403,0.26349774079231925,0.22909507445589922,0.16472307801286504,0.16472307801286504,0.0,0.43001443001443,0.002886002886002886,0.002886002886002886,0.004329004329004329,0.0707070707070707,0.1920621332085489
12019,mishraChapu,0.8044914134742405,0.5837391004165199,0.5837391004165199,0.0,0.9356435643564357,0.03217821782178218,0.6683168316831684,0.03217821782178218,0.6683168316831684,0.17683418176874635,0.21010101010101015,0.15175093914811041,0.15175093914811041,0.0,0.4517766497461929,0.0,0.0,0.007614213197969543,0.07868020304568528,0.1757324578045526
12020,mishraChapu,0.8367983367983368,0.7460967709586769,0.7460967709586769,0.0,0.7619047619047619,0.13238095238095238,0.5914285714285714,0.13238095238095238,0.5914285714285714,0.2738327326749567,0.20224719101123595,0.18050971781608896,0.18050971781608896,0.0,0.4376321353065539,0.006342494714587738,0.02959830866807611,0.006342494714587738,0.080338266384778,0.18182768814569789
12021,mishraChapu,0.8401606425702811,0.7470881066274543,0.7470881066274543,0.0,0.7532467532467533,0.0707070707070707,0.5411255411255411,0.0707070707070707,0.5411255411255411,0.3032817709300877,0.2073170731707317,0.18159995837167894,0.18159995837167894,0.0,0.41961414790996787,0.003215434083601286,0.011254019292604502,0.00482315112540193,0.09807073954983923,0.1747672920200979
12022,mishraChapu,0.8353413654618473,0.7385384464769578,0.7385384464769578,0.0,0.8114374034003091,0.10510046367851623,0.6537867078825348,0.10510046367851623,0.6537867078825348,0.31501145155852484,0.17777777777777776,0.15137931987084718,0.15137931987084718,0.0,0.40705128205128205,0.003205128205128205,0.003205128205128205,0.009615384615384616,0.08653846153846154,0.21663745267924178
12023,mishraChapu,0.8196803196803196,0.7118491495591712,0.7118491495591712,0.0,0.7147811009969658,0.05201560468140442,0.4633723450368444,0.05201560468140442,0.4633723450368444,0.2975683793570564,0.2842857142857143,0.25001387771579087,0.25001387771579087,0.0,0.4570093457943925,0.003738317757009346,0.022429906542056073,0.003738317757009346,0.09439252336448598,0.2703453976979525
12024,mishraChapu,0.7267833109017496,0.586675558146719,0.586675558146719,0.0,0.6525229357798165,0.027522935779816515,0.33256880733944955,0.05863192182410423,0.33256880733944955,0.14156381747929447,0.19240506329113924,0.1562843223550323,0.1562843223550323,0.0,0.43333333333333335,0.003703703703703704,0.022222222222222223,0.011111111111111112,0.1111111111111111,0.10129027347107378
12025,mishraChapu,0.8858321870701513,0.8181727691786729,0.8181727691786729,0.0,0.7950617283950617,0.13333333333333333,0.5950617283950618,0.13333333333333333,0.5950617283950618,0.29289224401116626,0.26337448559670784,0.25092926030880003,0.25092926030880003,0.0,0.4540540540540541,0.005405405405405406,0.005405405405405406,0.016216216216216217,0.12972972972972974,0.2878720201019707
12026,mishraChapu,0.9977392614920875,0.8942441622502071,0.8942441622502071,1.0,0.9969924812030075,0.681203007518797,0.9924812030075187,0.681203007518797,0.9924812030075187,0.4875817228635737,0.29213483146067415,0.24920395857537758,0.24920395857537758,0.0,0.42857142857142855,0.0,0.0,0.008571428571428572,0.12857142857142856,0.37531787134118805
12027,mishraChapu,0.8565356004250797,0.7594840339856236,0.7594840339856236,0.0,0.8618143459915611,0.08122362869198312,0.7310126582278481,0.08122362869198312,0.7310126582278481,0.26941480175698174,0.23929098966026588,0.21226575174130544,0.21226575174130544,0.0,0.41589648798521256,0.0,0.0,0.012939001848428836,0.07948243992606285,0.23002406396368652
12028,mishraChapu,0.917817679558011,0.7784860149132146,0.7784860149132146,0.0,0.9180887372013652,0.09556313993174062,0.8341296928327645,0.09556313993174062,0.8341296928327645,0.32497398682966144,0.2274678111587983,0.1919968961459692,0.1919968961459692,0.0,0.437414030261348,0.0,0.0,0.0041265474552957355,0.08940852819807428,0.2505374655423907
12029,mishraChapu,0.9391462306993642,0.7739216343841421,0.7739216343841421,0.0,0.9458740017746229,0.12777284826974267,0.831410825199645,0.12777284826974267,0.831410825199645,0.3536440175879655,0.20994475138121552,0.16412388915672477,0.16412388915672477,0.0,0.455012853470437,0.002570694087403599,0.007712082262210797,0.010282776349614395,0.1953727506426735,0.2702488750327115
12030,mishraChapu,0.20903225806451614,0.16242177543294353,0.16520179749816077,0.0,0.12021857923497267,0.00078064012490242,0.00156128024980484,0.0140625,0.0640625,0.0055913923038522,0.13333333333333336,0.09841281525349857,0.09841281525349857,0.0,0.3879781420765027,0.00546448087431694,0.03278688524590164,0.00821917808219178,0.0410958904109589,0.03184255295484995
12031,mishraChapu,0.3513513513513513,0.2739590237542514,0.2739590237542514,0.0,0.20620842572062084,0.0022172949002217295,0.008869179600886918,0.050997782705099776,0.18403547671840353,0.04327116907901076,0.06926406926406926,0.05375730466533973,0.05375730466533973,0.0,0.2868217054263566,0.023255813953488372,0.06976744186046512,0.023255813953488372,0.0859375,0.04607073672031311
12032,mishraChapu,0.9942396313364056,0.8996193765115528,0.8996193765115528,1.0,0.9919540229885058,0.9908045977011494,0.9908045977011494,0.9908045977011494,0.9908045977011494,0.5827702168711841,0.24398073836276082,0.21889678730671944,0.21889678730671944,0.0,0.4188376753507014,0.0,0.0,0.006012024048096192,0.08817635270541083,0.37688466622482397
12033,mishraChapu,0.8188539741219963,0.6455732494323951,0.6455732494323951,0.0,0.7172523961661342,0.14057507987220447,0.4329073482428115,0.14057507987220447,0.4329073482428115,0.2960330438934727,0.20606060606060608,0.1523127939528459,0.1523127939528459,0.0,0.4375,0.008333333333333333,0.020833333333333332,0.0125,0.14583333333333334,0.22564780496249315
12034,mishraChapu,0.8588200763134723,0.766085207142164,0.766085207142164,0.0,0.8537434706906558,0.22228670922809055,0.669181659895531,0.22228670922809055,0.669181659895531,0.2735739311055475,0.21201413427561838,0.18437403812654815,0.18437403812654815,0.0,0.40852974186307517,0.0,0.0,0.003367003367003367,0.09764309764309764,0.1954434511311123
12035,mishraChapu,0.8196392785571142,0.7068546774957434,0.7068546774957434,0.0,0.7714808043875686,0.0923217550274223,0.5959780621572212,0.0923217550274223,0.5959780621572212,0.27748597029863886,0.2003577817531306,0.16586295530430212,0.16586295530430212,0.0,0.4228855721393035,0.0024875621890547263,0.012437810945273632,0.007462686567164179,0.15422885572139303,0.21660623569675796
12036,mishraChapu,0.8973843058350102,0.7677941706579419,0.7677941706579419,0.0,0.9073705179282868,0.16135458167330677,0.8396414342629482,0.16135458167330677,0.8396414342629482,0.35851446169986845,0.23076923076923075,0.18991264060577193,0.18991264060577193,0.0,0.45416666666666666,0.0,0.0,0.00625,0.10208333333333333,0.26128153679496063
12037,mishraChapu,0.8605182926829268,0.7743670766440441,0.7743670766440441,0.0,0.8111587982832618,0.058655221745350504,0.6545064377682404,0.058655221745350504,0.6545064377682404,0.3550436509441825,0.22109275730622616,0.19827602892534474,0.19827602892534474,0.0,0.43611584327086883,0.0017035775127768314,0.005110732538330494,0.005110732538330494,0.14821124361158433,0.25827308911507046
12038,mishraChapu,0.9413667610190053,0.7875760065079145,0.7875760065079145,0.0,0.9693053311793215,0.13489499192245558,0.9079159935379645,0.13489499192245558,0.9079159935379645,0.3584147680655395,0.2057142857142857,0.16825850572868084,0.16825850572868084,0.0,0.4378585086042065,0.0019120458891013384,0.0019120458891013384,0.0076481835564053535,0.17208413001912046,0.20831103912722224
12039,mishraChapu,0.8998204667863554,0.7738110953998761,0.7738110953998761,0.0,0.8940027894002789,0.08507670850767085,0.8096234309623431,0.08507670850767085,0.8096234309623431,0.3384629883865578,0.21526908635794742,0.17494816033996055,0.17494816033996055,0.0,0.43602693602693604,0.003367003367003367,0.005050505050505051,0.006734006734006734,0.15993265993265993,0.23103889457075633
12040,mishraChapu,0.901072705601907,0.801425483005658,0.801425483005658,0.0,0.8894706224549156,0.1082024432809773,0.8121000581733566,0.1082024432809773,0.8121000581733566,0.3236589008165869,0.21380471380471383,0.18887526412040598,0.18887526412040598,0.0,0.4278131634819533,0.0010615711252653928,0.0010615711252653928,0.0031847133757961785,0.06050955414012739,0.22896454140288153
12041,mishraChapu,0.7727042110603755,0.6863149446094113,0.6863149446094113,0.0,0.7223264540337712,0.05347091932457786,0.5225140712945591,0.05347091932457786,0.5225140712945591,0.23920626936340775,0.17253521126760565,0.15084792740869735,0.15084792740869735,0.0,0.41997593261131166,0.0036101083032490976,0.00842358604091456,0.0048134777376654635,0.1552346570397112,0.16481485913725355
12042,mishraChapu,0.8997451146983858,0.7638993492154862,0.7638993492154862,0.0,0.8827415359207267,0.13212221304706853,0.7605284888521883,0.13212221304706853,0.7605284888521883,0.3611716036723323,0.25037707390648567,0.20875876297191634,0.20875876297191634,0.0,0.4448979591836735,0.0020408163265306124,0.006122448979591836,0.00816326530612245,0.19591836734693877,0.22905801107336027
12043,mishraChapu,0.8896,0.7337132292602354,0.7337132292602354,0.0,0.8871635610766045,0.07039337474120083,0.777432712215321,0.07039337474120083,0.777432712215321,0.3528981193645666,0.286493860845839,0.2360448767431011,0.2360448767431011,0.0,0.42857142857142855,0.0016806722689075631,0.0016806722689075631,0.010084033613445379,0.06890756302521009,0.30128466656097835
12044,mishraChapu,0.8792079207920792,0.7690232721187553,0.7690232721187553,0.0,0.8458646616541353,0.21804511278195488,0.7443609022556391,0.21804511278195488,0.7443609022556391,0.37084858524614706,0.20987654320987656,0.19309952402562067,0.19309952402562067,0.0,0.4274193548387097,0.008064516129032258,0.008064516129032258,0.016129032258064516,0.10483870967741936,0.30815981025926364
12045,mishraChapu,0.8970163618864292,0.7623740540140271,0.7623740540140271,0.0,0.8510830324909747,0.15072202166064982,0.7075812274368231,0.15072202166064982,0.7075812274368231,0.3286159819406062,0.26573426573426573,0.21848258044546812,0.21848258044546812,0.0,0.4460431654676259,0.0017985611510791368,0.0035971223021582736,0.00539568345323741,0.10251798561151079,0.25042406702354464
12046,mishraChapu,0.9472222222222222,0.8527899378125858,0.8527899378125858,1.0,0.9501385041551247,0.24792243767313019,0.9113573407202216,0.24792243767313019,0.9113573407202216,0.47396787088884745,0.2456813819577735,0.22571344593392614,0.22571344593392614,0.0,0.41866028708133973,0.0,0.0,0.007177033492822967,0.07894736842105263,0.3119465705512594
12047,mishraChapu,0.8266475644699139,0.6451838975368834,0.6451838975368834,0.0,0.7984496124031008,0.06201550387596899,0.4625322997416021,0.06201550387596899,0.4625322997416021,0.2729237484145115,0.23866348448687355,0.1766513147786935,0.1766513147786935,0.0,0.43506493506493504,0.00974025974025974,0.02922077922077922,0.00974025974025974,0.10714285714285714,0.1858357853625836
12048,mishraChapu,0.7148640832851357,0.6185918433222647,0.6185918433222647,0.0,0.594106463878327,0.024714828897338403,0.33745247148288976,0.030280649926144758,0.33745247148288976,0.18131728475300068,0.19838056680161945,0.17559370603907143,0.17559370603907143,0.0,0.4556040756914119,0.005822416302765648,0.04512372634643377,0.00727802037845706,0.12954876273653565,0.1415691686200383
13001,khandaChapu,0.7673314339981008,0.6757962380491545,0.6909837682517819,0.0,0.6859504132231405,0.06363636363636363,0.41487603305785126,0.06363636363636363,0.41487603305785126,0.2894256827708388,0.23235294117647057,0.20446970429565192,0.21674245001071066,0.0,0.46,0.002,0.002,0.004,0.016,0.19667188052153847
13002,khandaChapu,0.7737478411053541,0.6229853171616309,0.6229853171616309,0.0,0.7067209775967414,0.07128309572301425,0.49185336048879835,0.07128309572301425,0.49185336048879835,0.24747916484484234,0.2806451612903226,0.2224258127063623,0.2224258127063623,0.0,0.39243498817966904,0.004728132387706856,0.0070921985815602835,0.004728132387706856,0.02127659574468085,0.19873966338986127
13003,khandaChapu,0.7849765258215963,0.6732541935435866,0.6732541935435866,0.0,0.7592267135325131,0.070298769771529,0.5184534270650264,0.070298769771529,0.5184534270650264,0.22601792814325525,0.2674094707520891,0.2264813148850985,0.2264813148850985,0.0,0.42448979591836733,0.00816326530612245,0.0326530612244898,0.00816326530612245,0.0326530612244898,0.20020361615091445
13004,khandaChapu,0.9102964118564743,0.7675068393449229,0.7675068393449229,0.0,0.8619926199261992,0.1018450184501845,0.7121771217712177,0.1018450184501845,0.7121771217712177,0.3560213054902081,0.30670926517571884,0.25763715533955334,0.25763715533955334,0.0,0.4236526946107784,0.0014970059880239522,0.004491017964071856,0.0014970059880239522,0.010479041916167664,0.2655588186892569
13005,khandaChapu,0.8505846686877436,0.6915685298963231,0.6915685298963231,0.0,0.8459574468085106,0.07404255319148936,0.6323404255319149,0.07404255319148936,0.6323404255319149,0.26255385067929676,0.2506527415143603,0.20206611575910421,0.20206611575910421,0.0,0.4293785310734463,0.0018832391713747645,0.009416195856873822,0.0018832391713747645,0.013182674199623353,0.1606683268361006
13006,khandaChapu,0.7008547008547008,0.4978562120390359,0.4978562120390359,0.0,0.5445544554455446,0.0297029702970297,0.1716171617161716,0.16363636363636364,0.45454545454545453,0.28418609153394264,0.3048780487804878,0.21114349330039509,0.21114349330039509,0.0,0.4077669902912621,0.0,0.0,0.019417475728155338,0.02912621359223301,0.2486108961242771
13007,khandaChapu,0.9066002490660025,0.837092436732824,0.837092436732824,0.0,0.8869987849331713,0.21628189550425272,0.8444714459295262,0.21628189550425272,0.8444714459295262,0.37263225757074214,0.29122055674518205,0.2603495269831762,0.2603495269831762,0.0,0.4503311258278146,0.0033112582781456954,0.009933774834437087,0.0033112582781456954,0.009933774834437087,0.24143910491518727
13008,khandaChapu,0.9611890999174237,0.8939104106433918,0.8939104106433918,1.0,0.9572368421052632,0.23026315789473684,0.90625,0.23026315789473684,0.90625,0.3589044274252609,0.2821782178217822,0.25607088292549135,0.25607088292549135,0.0,0.4574468085106383,0.0,0.0,0.0070921985815602835,0.028368794326241134,0.21653583422304787
13009,khandaChapu,0.9837767683322517,0.8940711219006682,0.8940711219006682,1.0,0.981888745148771,0.2574385510996119,0.9611901681759379,0.2574385510996119,0.9611901681759379,0.46988066018577845,0.311787072243346,0.2791443125438785,0.2791443125438785,0.0,0.48525469168900803,0.002680965147453083,0.002680965147453083,0.002680965147453083,0.005361930294906166,0.3033470011356917
13010,khandaChapu,0.6926910299003323,0.6311222057033695,0.6311222057033695,0.0,0.5785813630041725,0.02920723226703755,0.21974965229485396,0.10927835051546392,0.31958762886597936,0.2542868045465747,0.2488262910798122,0.22775427837713458,0.22775427837713458,0.0,0.4219858156028369,0.0035460992907801418,0.014184397163120567,0.0035460992907801418,0.027874564459930314,0.1838026092916365
13011,khandaChapu,0.8091133004926108,0.7036376625492337,0.7036376625492337,0.0,0.7528089887640449,0.06404494382022471,0.5634831460674158,0.06404494382022471,0.5634831460674158,0.2336867091042362,0.24045491470349312,0.21255994436403086,0.21710256611321815,0.0,0.4279615795090715,0.0010672358591248667,0.0021344717182497333,0.0010672358591248667,0.008537886872998933,0.1839662686848589
13012,khandaChapu,0.7222884386174017,0.6354362945477482,0.6354362945477482,0.0,0.5737240075614367,0.024574669187145556,0.16068052930056712,0.07903225806451612,0.41774193548387095,0.3215038398517179,0.2765957446808511,0.2422022485427152,0.2422022485427152,0.0,0.4318181818181818,0.002840909090909091,0.002840909090909091,0.002840909090909091,0.01182033096926714,0.21647246097543274
13013,khandaChapu,0.9506837961044343,0.8668548948990846,0.8668548948990846,1.0,0.9443079443079443,0.21785421785421785,0.877968877968878,0.21785421785421785,0.877968877968878,0.3925719470961363,0.3013698630136986,0.27934132220461005,0.27934132220461005,0.0,0.421875,0.0014204545454545455,0.0014204545454545455,0.0014204545454545455,0.002840909090909091,0.27980521143436393
13014,khandaChapu,0.8784392196098049,0.7464521603011587,0.7464521603011587,0.0,0.9106090373280943,0.12082514734774066,0.7239685658153242,0.12082514734774066,0.7239685658153242,0.2630801758612719,0.23263327948303716,0.1925723800996147,0.1925723800996147,0.0,0.3744075829383886,0.004739336492890996,0.011848341232227487,0.004739336492890996,0.016587677725118485,0.16586559807851878
13015,khandaChapu,0.8910696761530913,0.7336175012216932,0.7336175012216932,0.0,0.875,0.1884328358208955,0.7686567164179104,0.1884328358208955,0.7686567164179104,0.31631379056880654,0.2873239436619719,0.25346536538435965,0.25346536538435965,0.0,0.46963562753036436,0.004048582995951417,0.016194331983805668,0.008097165991902834,0.016194331983805668,0.312333369662881
13016,khandaChapu,0.8308489954633831,0.6870645518934043,0.6870645518934043,0.0,0.8169364881693649,0.1643835616438356,0.6301369863013698,0.1643835616438356,0.6301369863013698,0.27624804314641166,0.3137931034482758,0.2474493649630015,0.2474493649630015,0.0,0.431980906921241,0.002386634844868735,0.007159904534606206,0.00477326968973747,0.014319809069212411,0.24037455810218147
13017,khandaChapu,0.931726907630522,0.7625546571092152,0.7625546571092152,0.0,0.8721804511278195,0.21303258145363407,0.7443609022556391,0.21303258145363407,0.7443609022556391,0.38120915694696506,0.27607361963190186,0.22751944876993938,0.22751944876993938,0.0,0.4186991869918699,0.0,0.0,0.0,0.0,0.3133008040355335
13018,khandaChapu,0.3027656477438137,0.24878717970646488,0.2732177456674531,0.0,0.15463917525773196,0.001718213058419244,0.006872852233676976,0.003436426116838488,0.006872852233676976,0.04975855443130375,0.16216216216216214,0.12539024815462999,0.12539024815462999,0.0,0.24786324786324787,0.0,0.0,0.02586206896551724,0.04310344827586207,0.06900212075821582
13019,khandaChapu,0.8794178794178794,0.7271001986358903,0.7271001986358903,1.0,0.8132075471698114,0.25849056603773585,0.6245283018867924,0.25849056603773585,0.6245283018867924,0.402292202665865,0.2571428571428571,0.20779559187294808,0.20779559187294808,0.0,0.3975409836065574,0.004098360655737705,0.004098360655737705,0.004098360655737705,0.012295081967213115,0.21707414842600126
13020,khandaChapu,0.782608695652174,0.5935554453313165,0.5935554453313165,0.0,0.6494845360824743,0.09896907216494845,0.31958762886597936,0.11875,0.31958762886597936,0.3806565893670282,0.26392961876832843,0.19974690592516964,0.19974690592516964,0.0,0.4057377049180328,0.0,0.0,0.004098360655737705,0.004098360655737705,0.3032746477268217
13021,khandaChapu,0.8462709284627092,0.6738822047709052,0.6738822047709052,0.0,0.7466666666666667,0.18933333333333333,0.496,0.18933333333333333,0.496,0.36882347522943587,0.3025830258302583,0.23290806758998,0.23290806758998,0.0,0.4387755102040816,0.0,0.0,0.00510204081632653,0.01020408163265306,0.3439530048269659
13022,khandaChapu,0.7467134092900964,0.6422378768979511,0.6422378768979511,0.0,0.6050775740479548,0.10437235543018336,0.23413258110014104,0.16666666666666666,0.4027777777777778,0.3670125573073252,0.27142857142857146,0.2351770007757501,0.2351770007757501,0.0,0.4244604316546763,0.0035971223021582736,0.0035971223021582736,0.0035971223021582736,0.0035971223021582736,0.30077836212629827
13023,khandaChapu,0.8384279475982532,0.739021674291418,0.739021674291418,0.0,0.7374045801526717,0.0916030534351145,0.4900763358778626,0.0916030534351145,0.4900763358778626,0.3136401489441307,0.2608695652173913,0.23435413277205952,0.23435413277205952,0.0,0.3708206686930091,0.00303951367781155,0.0060790273556231,0.00303951367781155,0.02127659574468085,0.20539594525514515
13024,khandaChapu,0.9395866454689985,0.811371955593107,0.811371955593107,1.0,0.9137134052388289,0.26810477657935283,0.8073959938366718,0.26810477657935283,0.8073959938366718,0.3944669506106964,0.2829268292682927,0.22985016493377244,0.22985016493377244,0.0,0.4,0.0,0.0,0.0035714285714285713,0.010714285714285714,0.271998449702481
13025,khandaChapu,0.9120492524186454,0.8291856470630836,0.8291856470630836,0.0,0.8947368421052632,0.16824849007765316,0.7799827437446074,0.16824849007765316,0.7799827437446074,0.3868271454636801,0.2992623814541623,0.26225970108332664,0.26225970108332664,0.0,0.39748953974895396,0.001394700139470014,0.002789400278940028,0.002789400278940028,0.009762900976290097,0.2833435934849091
13026,khandaChapu,0.8714918759231906,0.7834253822472173,0.7834253822472173,0.0,0.8240223463687151,0.10335195530726257,0.659217877094972,0.10335195530726257,0.659217877094972,0.3699175448361716,0.2938775510204082,0.25244176041898114,0.25244176041898114,0.0,0.45664739884393063,0.0,0.0,0.005780346820809248,0.017341040462427744,0.34912776944915386
13027,khandaChapu,0.7057430432208407,0.5030975743839804,0.5030975743839804,0.0,0.7519640852974186,0.037037037037037035,0.29068462401795736,0.03928170594837262,0.29068462401795736,0.11382342955695292,0.22889305816135083,0.15741799444816398,0.15741799444816398,0.0,0.43967828418230565,0.005361930294906166,0.010723860589812333,0.005361930294906166,0.032171581769437,0.08975966814498915
13028,khandaChapu,0.7514188422247445,0.5914956211595284,0.5914956211595284,0.0,0.6502835538752363,0.045368620037807186,0.2665406427221172,0.07954545454545454,0.3096590909090909,0.28849682853836084,0.19090909090909092,0.14451945518466586,0.14451945518466586,0.0,0.38596491228070173,0.008771929824561403,0.008771929824561403,0.008771929824561403,0.008771929824561403,0.17588532639445445
average,,0.7141636059934606,0.609322046577399,0.6811670974161231,0.08522727272727272,0.6620628668530987,0.09599834738311654,0.3984961635528476,0.1368487541312857,0.5737319758411444,0.3015827633117513,0.27712460813064776,0.23404165686862155,0.28066292797324494,0.0,0.43836255435312615,0.006506087448901631,0.020433959213124023,0.021836586342488515,0.08880112191719514,0.24145329439658816
,adi,0.6080953414916077,0.5260523954643052,0.6304827254949009,0.1,0.572526956629557,0.08488303721605588,0.26954791487689106,0.1261964107871663,0.494011058767084,0.2695064084534669,0.22263468631319344,0.1907034146964356,0.2959603808444741,0.0,0.39829113972516567,0.000944536328565968,0.0010588220428516823,0.031621756799545035,0.08058066938046059,0.19313021699439567
,khandaChapu,0.8186683296797348,0.6951407852720466,0.6965557172778901,0.17857142857142858,0.7605669854016253,0.1251337513379211,0.547044789340685,0.13901507476699498,0.5774587650709823,0.312204187954187,0.2685317480916312,0.22444691766441305,0.22504746650242183,0.0,0.4176463639074441,0.0025205955819089894,0.005718204460146146,0.0054046612290456,0.01563907234390458,0.23347460923381133
,mishraChapu,0.8367590153602729,0.7085187929351376,0.7085767100614963,0.10416666666666667,0.8077305940013328,0.13691349328573896,0.6520613767898665,0.14038923061772635,0.6570127833912772,0.30149242195857606,0.21972957266661797,0.18383116802047508,0.18383116802047508,0.0,0.4287731499500784,0.0030749824602678967,0.011300505827682229,0.007858336510520458,0.10648770134566073,0.2228702506339321
,rupakam,0.6440176322388602,0.5493043275180609,0.6969206140751975,0.0,0.5565954526271609,0.05151929126896916,0.2008345770800769,0.1428891004924249,0.5714163156983685,0.32779784806931994,0.3915257656154199,0.3309550222893847,0.38946862308033575,0.0,0.49924086385759436,0.017593374803841558,0.0568180342950881,0.03467241378764936,0.12101320596364537,0.3120841575020854
